Geo_FIPS,Geo_GEOID,Geo_NAME,Geo_QName,Geo_STUSAB,Geo_SUMLEV,Geo_GEOCOMP,Geo_FILEID,Geo_LOGRECNO,Geo_US,Geo_REGION,Geo_DIVISION,Geo_STATECE,Geo_STATE,Geo_COUNTY,Geo_COUSUB,Geo_PLACE,Geo_PLACESE,Geo_TRACT,Geo_BLKGRP,Geo_CONCIT,Geo_AIANHH,Geo_AIANHHFP,Geo_AIHHTLI,Geo_AITSCE,Geo_AITS,Geo_ANRC,Geo_CBSA,Geo_CSA,Geo_METDIV,Geo_MACC,Geo_MEMI,Geo_NECTA,Geo_CNECTA,Geo_NECTADIV,Geo_UA,Geo_UACP,Geo_CDCURR,Geo_SLDU,Geo_SLDL,Geo_VTD,Geo_ZCTA3,Geo_ZCTA5,Geo_SUBMCD,Geo_SDELM,Geo_SDSEC,Geo_SDUNI,Geo_UR,Geo_PCI,Geo_TAZ,Geo_UGA,Geo_BTTR,Geo_BTBG,Geo_PUMA5,Geo_PUMA1,SE_T001_001,SE_T013_001,SE_T013_002,SE_T013_003,SE_T013_004,SE_T013_005,SE_T013_006,SE_T013_007,SE_T013_008,PCT_SE_T013_002,PCT_SE_T013_003,PCT_SE_T013_004,PCT_SE_T013_005,PCT_SE_T013_006,PCT_SE_T013_007,PCT_SE_T013_008,SE_T030_001,SE_T030_002,SE_T030_003,PCT_SE_T030_002,PCT_SE_T030_003,SE_T033_001,SE_T033_002,SE_T033_003,SE_T033_004,SE_T033_005,SE_T033_006,SE_T033_007,PCT_SE_T033_002,PCT_SE_T033_003,PCT_SE_T033_004,PCT_SE_T033_005,PCT_SE_T033_006,PCT_SE_T033_007,SE_T037_001,SE_T037_002,SE_T037_003,PCT_SE_T037_002,PCT_SE_T037_003,SE_T057_001,SE_T083_001,SE_T157_001,SE_T093_001,SE_T099_001,SE_T099_002,SE_T099_003,SE_T099_004,SE_T099_005,SE_T099_006,SE_T099_007,SE_T099_008,PCT_SE_T099_002,PCT_SE_T099_003,PCT_SE_T099_004,PCT_SE_T099_005,PCT_SE_T099_006,PCT_SE_T099_007,PCT_SE_T099_008,SE_T104_001,SE_T106_001,SE_T114_001,SE_T114_002,SE_T114_003,PCT_SE_T114_002,PCT_SE_T114_003,SE_T115_001,SE_T115_002,SE_T115_003,PCT_SE_T115_002,PCT_SE_T115_003,SE_T116_001,SE_T116_002,SE_T116_003,PCT_SE_T116_002,PCT_SE_T116_003,SE_T117_001,SE_T117_002,SE_T117_003,SE_T117_004,SE_T117_005,SE_T117_006,SE_T117_007,PCT_SE_T117_002,PCT_SE_T117_003,PCT_SE_T117_004,PCT_SE_T117_005,PCT_SE_T117_006,PCT_SE_T117_007
"01","04000US01","Alabama","Alabama","al","040","00","ACSSF","0000001",,,,,"01",,,,,,,,,,,,,,,,,,,,,,,,,,,,,,,,,,,,,,,,,,4841164,4841164,3325037,1282053,23919,60744,2008,61991,85412,68.68,26.48,0.49,1.25,0.04,1.28,1.76,260405,12114,248291,4.65,95.35,3864302,2238654,12150,2226504,2042025,184479,1625648,57.93,0.31,57.62,52.84,4.77,42.07,2226504,2042025,184479,91.71,8.29,44758,24736,0.4769,2209335,1851061,641721,1177271,3393,20135,119,1564,6858,34.67,63.6,0.18,1.09,0.01,0.08,0.37,728,690.779220111207,1090244,289382,800862,26.54,73.46,2907950,502942,2405008,17.3,82.7,722398,76342,646056,10.57,89.43,4720592,381490,227622,259554,513115,470184,2868627,8.08,4.82,5.5,10.87,9.96,60.77
"02","04000US02","Alaska","Alaska","ak","040","00","ACSSF","0000001",,,,,"02",,,,,,,,,,,,,,,,,,,,,,,,,,,,,,,,,,,,,,,,,,736855,736855,483518,24443,103574,44218,8862,9900,62340,65.62,3.32,14.06,6,1.2,1.34,8.46,38544,1640,36904,4.25,95.75,568732,400475,16382,384093,353954,30139,168257,70.42,2.88,67.53,62.24,5.3,29.58,384093,353954,30139,92.15,7.85,74444,34191,0.4174,309171,250235,125773,29626,74327,17064,13,2161,1271,50.26,11.84,29.7,6.82,0.01,0.86,0.51,1173,1160.51230725237,184156,26482,157674,14.38,85.62,466724,43294,423430,9.28,90.72,68184,3050,65134,4.47,95.53,719064,32063,18394,22369,55006,54681,536551,4.46,2.56,3.11,7.65,7.6,74.62
"04","04000US04","Arizona","Arizona","az","040","00","ACSSF","0000001",,,,,"04",,,,,,,,,,,,,,,,,,,,,,,,,,,,,,,,,,,,,,,,,,6728577,6728577,5235158,287110,296732,205229,12863,468906,222579,77.8,4.27,4.41,3.05,0.19,6.97,3.31,367080,20111,346969,5.48,94.52,5290839,3146717,17373,3129344,2879372,249972,2144122,59.47,0.33,59.15,54.42,4.72,40.53,3129344,2879372,249972,92.01,7.99,51340,26686,0.4682,2913541,2448919,885985,1469271,1899,48703,7302,5282,30477,36.18,60,0.08,1.99,0.3,0.22,1.24,937,961.72461209477,1592547,403560,1188987,25.34,74.66,3922559,667596,3254963,17.02,82.98,1058417,94480,963937,8.93,91.07,6573523,550653,287606,327377,680394,658105,4069388,8.38,4.38,4.98,10.35,10.01,61.91
"05","04000US05","Arkansas","Arkansas","ar","040","00","ACSSF","0000001",,,,,"05",,,,,,,,,,,,,,,,,,,,,,,,,,,,,,,,,,,,,,,,,,2968472,2968472,2307136,460638,18697,41539,6738,67645,66079,77.72,15.52,0.63,1.4,0.23,2.28,2.23,160197,7472,152725,4.66,95.34,2339307,1364187,4445,1359742,1266552,93190,975120,58.32,0.19,58.13,54.14,3.98,41.68,1359742,1266552,93190,93.15,6.85,42336,23401,0.4708,1341391,1141480,532064,554824,1203,46827,181,3647,2734,46.61,48.61,0.11,4.1,0.02,0.32,0.24,689,654.771597947085,694104,186130,507974,26.82,73.18,1738141,309019,1429122,17.78,82.22,449159,47282,401877,10.53,89.47,2881404,226272,141891,174268,345445,324071,1669457,7.85,4.92,6.05,11.99,11.25,57.94
"06","04000US06","California","California","ca","040","00","ACSSF","0000001",,,,,"06",,,,,,,,,,,,,,,,,,,,,,,,,,,,,,,,,,,,,,,,,,38654206,38654206,23680584,2261835,285512,5354608,150908,5133600,1787159,61.26,5.85,0.74,13.85,0.39,13.28,4.62,2120314,66313,2054001,3.13,96.87,30565746,19391320,130452,19260868,17577142,1683726,11174426,63.44,0.43,63.01,57.51,5.51,36.56,19260868,17577142,1683726,91.26,8.74,63783,31458,0.488,13911737,12807387,8677423,3384008,32082,214482,35062,44929,419401,67.75,26.42,0.25,1.67,0.27,0.35,3.27,1297,1366.69102711972,9004598,1974976,7029622,21.93,78.07,24027673,3526901,20500772,14.68,85.32,4880873,502380,4378493,10.29,89.71,37913144,2600145,1459870,1944242,3793052,3549192,24566643,6.86,3.85,5.13,10,9.36,64.8
"08","04000US08","Colorado","Colorado","co","040","00","ACSSF","0000001",,,,,"08",,,,,,,,,,,,,,,,,,,,,,,,,,,,,,,,,,,,,,,,,,5359295,5359295,4517058,219349,50160,157523,7441,224029,183735,84.28,4.09,0.94,2.94,0.14,4.18,3.43,274541,12600,261941,4.59,95.41,4245559,2897359,33135,2864224,2692529,171695,1348200,68.24,0.78,67.46,63.42,4.04,31.76,2864224,2692529,171695,94.01,5.99,62520,33230,0.459,2284863,2051616,1541675,442554,1955,41919,3985,12325,7203,75.14,21.57,0.1,2.04,0.19,0.6,0.35,1057,1093.64089417359,1229418,193212,1036206,15.72,84.28,3348629,395793,2952836,11.82,88.18,663010,48933,614077,7.38,92.62,5241057,283254,154643,200041,426187,434510,3742422,5.4,2.95,3.82,8.13,8.29,71.41
"09","04000US09","Connecticut","Connecticut","ct","040","00","ACSSF","0000001",,,,,"09",,,,,,,,,,,,,,,,,,,,,,,,,,,,,,,,,,,,,,,,,,3588570,3588570,2768080,372696,9399,152782,1031,177594,106988,77.14,10.39,0.26,4.26,0.03,4.95,2.98,203789,5708,198081,2.8,97.2,2911925,1957060,8367,1948693,1793688,155005,954865,67.21,0.29,66.92,61.6,5.32,32.79,1948693,1793688,155005,92.05,7.95,71755,39906,0.4947,1493798,1354713,512493,214951,581382,31062,658,9815,4352,37.83,15.87,42.92,2.29,0.05,0.72,0.32,1094,1114.81088692821,763850,107690,656160,14.1,85.9,2182409,214771,1967638,9.84,90.16,533413,38003,495410,7.12,92.88,3479672,167970,85468,107026,219339,232317,2667552,4.83,2.46,3.08,6.3,6.68,76.66
"10","04000US10","Delaware","Delaware","de","040","00","ACSSF","0000001",,,,,"10",,,,,,,,,,,,,,,,,,,,,,,,,,,,,,,,,,,,,,,,,,934695,934695,647002,203027,3494,34428,461,20452,25831,69.22,21.72,0.37,3.68,0.05,2.19,2.76,48375,2242,46133,4.63,95.37,753039,474821,2860,471961,438292,33669,278218,63.05,0.38,62.67,58.2,4.47,36.95,471961,438292,33669,92.87,7.13,61017,31118,0.4488,417927,348051,179711,113337,47102,4159,215,2078,1449,51.63,32.56,13.53,1.19,0.06,0.6,0.42,1039,1017.96936040589,200766,35389,165377,17.63,82.37,558339,63527,494812,11.38,88.62,149868,10532,139336,7.03,92.97,908973,52305,27961,29182,70680,74457,654388,5.75,3.08,3.21,7.78,8.19,71.99
"11","04000US11","District of Columbia","District of Columbia","dc","040","00","ACSSF","0000001",,,,,"11",,,,,,,,,,,,,,,,,,,,,,,,,,,,,,,,,,,,,,,,,,659009,659009,266035,318598,2174,24036,271,29650,18245,40.37,48.35,0.33,3.65,0.04,4.5,2.77,32931,1208,31723,3.67,96.33,554780,385056,3505,381551,348225,33326,169724,69.41,0.63,68.78,62.77,6.01,30.59,381551,348225,33326,91.27,8.73,72935,48781,0.5334,306711,276546,156963,109239,5338,64,196,1407,3339,56.76,39.5,1.93,0.02,0.07,0.51,1.21,1362,1453.68270744596,112812,29114,83698,25.81,74.19,439450,72467,366983,16.49,83.51,72692,10479,62213,14.42,85.58,624954,61318,24658,26084,47978,37463,427453,9.81,3.95,4.17,7.68,5.99,68.4
"12","04000US12","Florida","Florida","fl","040","00","ACSSF","0000001",,,,,"12",,,,,,,,,,,,,,,,,,,,,,,,,,,,,,,,,,,,,,,,,,19934451,19934451,15130748,3216994,52904,521272,11288,505877,495368,75.9,16.14,0.27,2.61,0.06,2.54,2.48,946962,45128,901834,4.77,95.23,16339299,9613594,56151,9557443,8755427,802016,6725705,58.84,0.34,58.49,53.59,4.91,41.16,9557443,8755427,802016,91.61,8.39,48900,27598,0.4852,9152815,7393262,406564,6823283,12499,14059,2516,3471,130870,5.5,92.29,0.17,0.19,0.03,0.05,1.77,1032,1063.3533670358,4000918,933624,3067294,23.34,76.66,11783535,1818564,9964971,15.43,84.57,3729881,387070,3342811,10.38,89.62,19514334,1371825,805493,961940,2100350,2032353,12242373,7.03,4.13,4.93,10.76,10.41,62.74
"13","04000US13","Georgia","Georgia","ga","040","00","ACSSF","0000001",,,,,"13",,,,,,,,,,,,,,,,,,,,,,,,,,,,,,,,,,,,,,,,,,10099320,10099320,6039389,3148134,28950,373983,4916,281491,222457,59.8,31.17,0.29,3.7,0.05,2.79,2.2,568833,29685,539148,5.22,94.78,7882965,4957087,48862,4908225,4489112,419113,2925878,62.88,0.62,62.26,56.95,5.32,37.12,4908225,4489112,419113,91.46,8.54,51037,26678,0.4816,4156518,3611706,1623387,1931285,6558,34294,259,3029,12894,44.95,53.47,0.18,0.95,0.01,0.08,0.36,897,892.307412128938,2461526,625065,1836461,25.39,74.61,6150591,995117,5155474,16.18,83.82,1216939,126712,1090227,10.41,89.59,9829056,795146,444759,506989,1013461,969433,6099268,8.09,4.52,5.16,10.31,9.86,62.05
"15","04000US15","Hawaii","Hawaii","hi","040","00","ACSSF","0000001",,,,,"15",,,,,,,,,,,,,,,,,,,,,,,,,,,,,,,,,,,,,,,,,,1413673,1413673,353643,25871,2715,537363,143973,13479,336629,25.02,1.83,0.19,38.01,10.18,0.95,23.81,64174,2337,61837,3.64,96.36,1137804,742161,38777,703384,664616,38768,395643,65.23,3.41,61.82,58.41,3.41,34.77,703384,664616,38768,94.49,5.51,71977,30970,0.4369,530289,452030,14304,133619,139,1311,12655,390,289612,3.16,29.56,0.03,0.29,2.8,0.09,64.07,1456,1502.41029056698,302617,42609,260008,14.08,85.92,850203,88679,761524,10.43,89.57,223108,17289,205819,7.75,92.25,1375928,72035,35595,40947,89673,106315,1031363,5.24,2.59,2.98,6.52,7.73,74.96
"16","04000US16","Idaho","Idaho","id","040","00","ACSSF","0000001",,,,,"16",,,,,,,,,,,,,,,,,,,,,,,,,,,,,,,,,,,,,,,,,,1635483,1635483,1493155,10433,21454,21630,2003,44758,42050,91.3,0.64,1.31,1.32,0.12,2.74,2.57,91959,4394,87565,4.78,95.22,1251275,783014,3459,779555,731170,48385,468261,62.58,0.28,62.3,58.43,3.87,37.42,779555,731170,48385,93.79,6.21,49174,24280,0.4457,686013,596107,335076,198466,9570,46051,224,4888,1832,56.21,33.29,1.61,7.73,0.04,0.82,0.31,764,767.30865607941,425033,80844,344189,19.02,80.98,950029,142796,807233,15.03,84.97,229307,20945,208362,9.13,90.87,1604369,98749,61323,84513,177397,186388,995999,6.16,3.82,5.27,11.06,11.62,62.08
"17","04000US17","Illinois","Illinois","il","040","00","ACSSF","0000001",,,,,"17",,,,,,,,,,,,,,,,,,,,,,,,,,,,,,,,,,,,,,,,,,12851684,12851684,9270907,1837612,29399,655799,4186,753559,300222,72.14,14.3,0.23,5.1,0.03,5.86,2.34,690750,25027,665723,3.62,96.38,10206768,6697000,17244,6679756,6134121,545635,3509768,65.61,0.17,65.44,60.1,5.35,34.39,6679756,6134121,545635,91.83,8.17,59196,31502,0.4789,5310327,4802124,3972167,744996,8250,24322,835,23128,28426,82.72,15.51,0.17,0.51,0.02,0.48,0.59,925,976.98494779648,2947192,576159,2371033,19.55,80.45,7881679,1026049,6855630,13.02,86.98,1719667,151523,1568144,8.81,91.19,12548538,801989,445399,506343,1073635,1050773,8670399,6.39,3.55,4.04,8.56,8.37,69.09
"18","04000US18","Indiana","Indiana","in","040","00","ACSSF","0000001",,,,,"18",,,,,,,,,,,,,,,,,,,,,,,,,,,,,,,,,,,,,,,,,,6589578,6589578,5534759,608226,15799,130232,2746,151500,146316,83.99,9.23,0.24,1.98,0.04,2.3,2.22,364838,18708,346130,5.13,94.87,5185793,3316952,2844,3314108,3085179,228929,1868841,63.96,0.05,63.91,59.49,4.41,36.04,3314108,3085179,228929,93.09,6.91,50433,26117,0.4494,2830669,2513828,1695558,721028,20117,57815,714,11114,7482,67.45,28.68,0.8,2.3,0.03,0.44,0.3,758,757.853639181144,1550099,328570,1221529,21.2,78.8,3934773,562349,3372424,14.29,85.71,904054,66775,837279,7.39,92.61,6388926,435472,240676,281546,609230,623675,4198327,6.82,3.77,4.41,9.54,9.76,65.71
"19","04000US19","Iowa","Iowa","ia","040","00","ACSSF","0000001",,,,,"19",,,,,,,,,,,,,,,,,,,,,,,,,,,,,,,,,,,,,,,,,,3106589,3106589,2823890,103052,9951,66570,2422,39410,61294,90.9,3.32,0.32,2.14,0.08,1.27,1.97,173381,5857,167524,3.38,96.62,2459591,1664170,1703,1662467,1587178,75289,795421,67.66,0.07,67.59,64.53,3.06,32.34,1662467,1587178,75289,95.47,4.53,54570,28872,0.4422,1362619,1242641,934293,263647,7480,19929,433,10391,6468,75.19,21.22,0.6,1.6,0.03,0.84,0.52,715,726.558875395664,714124,109300,604824,15.31,84.69,1824063,225327,1598736,12.35,87.65,467621,35201,432420,7.53,92.47,3005808,165463,92037,112328,255050,266155,2114775,5.5,3.06,3.74,8.49,8.85,70.36
"20","04000US20","Kansas","Kansas","ks","040","00","ACSSF","0000001",,,,,"20",,,,,,,,,,,,,,,,,,,,,,,,,,,,,,,,,,,,,,,,,,2898292,2898292,2468923,167706,23871,77605,1874,62283,96030,85.19,5.79,0.82,2.68,0.06,2.15,3.31,161467,6172,155295,3.82,96.18,2255916,1505247,17329,1487918,1408918,79000,750669,66.72,0.77,65.96,62.45,3.5,33.28,1487918,1408918,79000,94.69,5.31,53571,28478,0.4555,1248955,1115858,827356,259633,1412,19853,267,4599,2738,74.15,23.27,0.13,1.78,0.02,0.41,0.25,775,791.098358254664,710859,122480,588379,17.23,82.77,1708410,220764,1487646,12.92,87.08,396922,29918,367004,7.54,92.46,2816191,158397,98434,116331,254398,266010,1922621,5.62,3.5,4.13,9.03,9.45,68.27
"21","04000US21","Kentucky","Kentucky","ky","040","00","ACSSF","0000001",,,,,"21",,,,,,,,,,,,,,,,,,,,,,,,,,,,,,,,,,,,,,,,,,4411989,4411989,3859516,350242,9052,57084,2584,40674,92837,87.48,7.94,0.21,1.29,0.06,0.92,2.1,230557,9683,220874,4.2,95.8,3511065,2085433,14735,2070698,1914189,156509,1425632,59.4,0.42,58.98,54.52,4.46,40.6,2070698,1914189,156509,92.44,7.56,44811,24802,0.4741,1951090,1718217,754387,884842,15125,52735,314,5823,4991,43.91,51.5,0.88,3.07,0.02,0.34,0.29,690,665.998555181882,991800,255223,736577,25.73,74.27,2653025,477123,2175902,17.98,82.02,630377,71793,558584,11.39,88.61,4275202,341511,226003,236625,449373,417531,2604159,7.99,5.29,5.53,10.51,9.77,60.91
"22","04000US22","Louisiana","Louisiana","la","040","00","ACSSF","0000001",,,,,"22",,,,,,,,,,,,,,,,,,,,,,,,,,,,,,,,,,,,,,,,,,4645670,4645670,2909290,1494201,26403,78719,1464,50434,85159,62.62,32.16,0.57,1.69,0.03,1.09,1.83,244937,15849,229088,6.47,93.53,3654913,2209139,15085,2194054,2025728,168326,1445774,60.44,0.41,60.03,55.42,4.61,39.56,2194054,2025728,168326,92.33,7.67,45652,25515,0.4903,2011700,1731398,636448,1076483,988,10125,611,1322,5421,36.76,62.17,0.06,0.58,0.04,0.08,0.31,800,760.908967897456,1097930,305691,792239,27.84,72.16,2803847,504910,2298937,18.01,81.99,612848,78969,533879,12.89,87.11,4514625,397168,244521,247881,477220,429442,2718393,8.8,5.42,5.49,10.57,9.51,60.21
"23","04000US23","Maine","Maine","me","040","00","ACSSF","0000001",,,,,"23",,,,,,,,,,,,,,,,,,,,,,,,,,,,,,,,,,,,,,,,,,1329923,1329923,1260476,16303,8013,14643,211,3151,27126,94.78,1.23,0.6,1.1,0.02,0.24,2.04,65493,2067,63426,3.16,96.84,1101688,696028,1770,694258,652638,41620,405660,63.18,0.16,63.02,59.24,3.78,36.82,694258,652638,41620,94.01,5.99,50826,28473,0.4515,727127,551109,83987,29389,350795,74570,521,10525,1322,15.24,5.33,63.65,13.53,0.09,1.91,0.24,790,778.503019542709,253173,45212,207961,17.86,82.14,806042,108337,697705,13.44,86.56,235231,20856,214375,8.87,91.13,1294446,67067,50027,57311,122647,124291,873103,5.18,3.86,4.43,9.47,9.6,67.45
"24","04000US24","Maryland","Maryland","md","040","00","ACSSF","0000001",,,,,"24",,,,,,,,,,,,,,,,,,,,,,,,,,,,,,,,,,,,,,,,,,5959902,5959902,3408240,1765926,15946,362259,2792,218586,186153,57.19,29.63,0.27,6.08,0.05,3.67,3.12,311681,11634,300047,3.73,96.27,4764901,3249911,28072,3221839,3005753,216086,1514990,68.21,0.59,67.62,63.08,4.53,31.79,3221839,3005753,216086,93.29,6.71,76067,37756,0.4513,2421909,2177492,1038900,877347,207818,32116,1600,10322,9389,47.71,40.29,9.54,1.47,0.07,0.47,0.43,1264,1273.58385328946,1328964,176259,1152705,13.26,86.74,3694480,339521,3354959,9.19,90.81,796119,61055,735064,7.67,92.33,5819563,276386,136880,163569,359952,400777,4481999,4.75,2.35,2.81,6.19,6.89,77.02
"25","04000US25","Massachusetts","Massachusetts","ma","040","00","ACSSF","0000001",,,,,"25",,,,,,,,,,,,,,,,,,,,,,,,,,,,,,,,,,,,,,,,,,6742143,6742143,5343665,489233,13931,411736,2002,278562,203014,79.26,7.26,0.21,6.11,0.03,4.13,3.01,380211,9938,370273,2.61,97.39,5522235,3725838,4627,3721211,3468864,252347,1796397,67.47,0.08,67.39,62.82,4.57,32.53,3721211,3468864,252347,93.22,6.78,70954,38069,0.4826,2836658,2558889,1374077,384621,723433,44635,1346,18782,11995,53.7,15.03,28.27,1.74,0.05,0.73,0.47,1129,1164.69510774667,1369854,204202,1165652,14.91,85.09,4157633,448178,3709455,10.78,89.22,978542,88456,890086,9.04,90.96,6506029,345195,175157,220484,420409,422023,4922761,5.31,2.69,3.39,6.46,6.49,75.66
"26","04000US26","Michigan","Michigan","mi","040","00","ACSSF","0000001",,,,,"26",,,,,,,,,,,,,,,,,,,,,,,,,,,,,,,,,,,,,,,,,,9909600,9909600,7817827,1376446,52891,276769,2492,111377,271798,78.89,13.89,0.53,2.79,0.03,1.12,2.74,549476,24450,525026,4.45,95.55,7953581,4866369,3718,4862651,4449717,412934,3087212,61.18,0.05,61.14,55.95,5.19,38.82,4862651,4449717,412934,91.51,8.49,50803,27549,0.4648,4544920,3860394,3283240,345879,48282,130128,696,35411,16758,85.05,8.96,1.25,3.37,0.02,0.92,0.43,799,815.687605630557,2185519,499145,1686374,22.84,77.16,6009220,954631,5054589,15.89,84.11,1489126,121290,1367836,8.15,91.85,9683865,714978,409522,450566,877963,879083,6351753,7.38,4.23,4.65,9.07,9.08,65.59
"27","04000US27","Minnesota","Minnesota","mn","040","00","ACSSF","0000001",,,,,"27",,,,,,,,,,,,,,,,,,,,,,,,,,,,,,,,,,,,,,,,,,5450868,5450868,4597525,310853,56904,246819,1969,88296,148502,84.34,5.7,1.04,4.53,0.04,1.62,2.72,286771,8578,278193,2.99,97.01,4311636,3012522,2228,3010294,2864441,145853,1299114,69.87,0.05,69.82,66.44,3.38,30.13,3010294,2864441,145853,95.15,4.85,63217,33225,0.449,2382855,2135310,1635095,360181,46177,53094,402,25118,15243,76.57,16.87,2.16,2.49,0.02,1.18,0.71,873,903.197479411972,1261600,175079,1086521,13.88,86.12,3316219,346668,2969551,10.45,89.55,749200,55449,693751,7.4,92.6,5327019,249635,143404,184157,391774,411114,3946935,4.69,2.69,3.46,7.35,7.72,74.09
"28","04000US28","Mississippi","Mississippi","ms","040","00","ACSSF","0000001",,,,,"28",,,,,,,,,,,,,,,,,,,,,,,,,,,,,,,,,,,,,,,,,,2989192,2989192,1764038,1121327,13072,28562,492,26334,35367,59.01,37.51,0.44,0.96,0.02,0.88,1.18,171175,9080,162095,5.3,94.7,2338750,1351797,10307,1341490,1212650,128840,986953,57.8,0.44,57.36,51.85,5.51,42.2,1341490,1212650,128840,90.4,9.6,40528,21651,0.4799,1295242,1098803,468789,607649,1595,15807,147,1363,3453,42.66,55.3,0.15,1.44,0.01,0.12,0.31,723,658.589857095833,721306,227561,493745,31.55,68.45,1758278,362642,1395636,20.62,79.38,413507,55350,358157,13.39,86.61,2893091,290625,174610,180318,347090,313740,1586708,10.05,6.04,6.23,12,10.84,54.84
"29","04000US29","Missouri","Missouri","mo","040","00","ACSSF","0000001",,,,,"29",,,,,,,,,,,,,,,,,,,,,,,,,,,,,,,,,,,,,,,,,,6059651,6059651,5000875,701896,25641,107953,6479,68766,148041,82.53,11.58,0.42,1.78,0.11,1.13,2.44,320455,14280,306175,4.46,95.54,4823223,3055025,19699,3035326,2835183,200143,1768198,63.34,0.41,62.93,58.78,4.15,36.66,3035326,2835183,200143,93.41,6.59,49593,27044,0.4632,2738774,2372362,1431168,827386,5005,93353,815,7756,6879,60.33,34.88,0.21,3.94,0.03,0.33,0.29,759,762.863766732222,1364095,287147,1076948,21.05,78.95,3620233,531348,3088885,14.68,85.32,892038,79260,812778,8.89,91.11,5876366,395468,232433,269854,559870,575425,3843316,6.73,3.96,4.59,9.53,9.79,65.4
"30","04000US30","Montana","Montana","mt","040","00","ACSSF","0000001",,,,,"30",,,,,,,,,,,,,,,,,,,,,,,,,,,,,,,,,,,,,,,,,,1023391,1023391,911907,4260,67222,7481,841,5158,26522,89.11,0.42,6.57,0.73,0.08,0.5,2.59,51453,2826,48627,5.49,94.51,822530,523599,3475,520124,490742,29382,298931,63.66,0.42,63.23,59.66,3.57,36.34,520124,490742,29382,94.35,5.65,48380,27309,0.4587,491439,412653,271228,94549,4263,35734,301,5045,1533,65.73,22.91,1.03,8.66,0.07,1.22,0.37,732,726.931715750743,219932,40953,178979,18.62,81.38,612187,93655,518532,15.3,84.7,166195,14069,152126,8.47,91.53,998314,63641,38534,46502,100947,102745,645945,6.37,3.86,4.66,10.11,10.29,64.7
"31","04000US31","Nebraska","Nebraska","ne","040","00","ACSSF","0000001",,,,,"31",,,,,,,,,,,,,,,,,,,,,,,,,,,,,,,,,,,,,,,,,,1881259,1881259,1655708,88388,15739,39794,1305,36672,43653,88.01,4.7,0.84,2.12,0.07,1.95,2.32,103741,2901,100840,2.8,97.2,1463872,1024737,4840,1019897,977353,42544,439135,70,0.33,69.67,66.76,2.91,30,1019897,977353,42544,95.83,4.17,54384,28596,0.442,815006,741581,506600,214431,2899,10241,139,4944,2327,68.31,28.92,0.39,1.38,0.02,0.67,0.31,745,759.83199285076,459033,75250,383783,16.39,83.61,1108704,131372,977332,11.85,88.15,259454,20399,239055,7.86,92.14,1827191,95195,57362,74464,160089,170144,1269937,5.21,3.14,4.08,8.76,9.31,69.5
"32","04000US32","Nevada","Nevada","nv","040","00","ACSSF","0000001",,,,,"32",,,,,,,,,,,,,,,,,,,,,,,,,,,,,,,,,,,,,,,,,,2839172,2839172,1933057,243552,31927,222612,18334,260654,129036,68.09,8.58,1.12,7.84,0.65,9.18,4.54,138930,7825,131105,5.63,94.37,2248477,1443621,7934,1435687,1302162,133525,804856,64.2,0.35,63.85,57.91,5.94,35.8,1435687,1302162,133525,90.7,9.3,53094,27253,0.4522,1200517,1030701,654992,344172,6832,14808,1100,4435,4362,63.55,33.39,0.66,1.44,0.11,0.43,0.42,984,1026.12155891431,654444,139573,514871,21.33,78.67,1747645,244325,1503320,13.98,86.02,396454,33359,363095,8.41,91.59,2798543,190000,100463,126794,293562,294756,1792968,6.79,3.59,4.53,10.49,10.53,64.07
"33","04000US33","New Hampshire","New Hampshire","nh","040","00","ACSSF","0000001",,,,,"33",,,,,,,,,,,,,,,,,,,,,,,,,,,,,,,,,,,,,,,,,,1327503,1327503,1243594,17483,2085,32094,229,7112,24906,93.68,1.32,0.16,2.42,0.02,0.54,1.88,73537,1541,71996,2.1,97.9,1094783,746203,1675,744528,706801,37727,348580,68.16,0.15,68.01,64.56,3.45,31.84,744528,706801,37727,94.93,5.07,68485,35264,0.4344,620729,521373,181068,44370,236681,44887,503,9674,4190,34.73,8.51,45.4,8.61,0.1,1.86,0.8,1021,1024.98102342625,262440,28829,233611,10.98,89.02,820823,69509,751314,8.47,91.53,202174,11352,190822,5.61,94.39,1285437,47089,29109,33492,79404,89306,1007037,3.66,2.26,2.61,6.18,6.95,78.34
"34","04000US34","New Jersey","New Jersey","nj","040","00","ACSSF","0000001",,,,,"34",,,,,,,,,,,,,,,,,,,,,,,,,,,,,,,,,,,,,,,,,,8915456,8915456,6075710,1207221,18470,819208,2811,566323,225713,68.15,13.54,0.21,9.19,0.03,6.35,2.53,460959,12329,448630,2.67,97.33,7143654,4699613,8124,4691489,4322619,368870,2444041,65.79,0.11,65.67,60.51,5.16,34.21,4691489,4322619,368870,92.14,7.86,73702,37538,0.4782,3586442,3195014,2445278,391307,314964,16237,1783,12555,12890,76.53,12.25,9.86,0.51,0.06,0.39,0.4,1213,1246.09342584683,1986873,310580,1676293,15.63,84.37,5479506,535722,4943784,9.78,90.22,1272679,103039,1169640,8.1,91.9,8739058,430580,232151,286610,590423,602470,6596824,4.93,2.66,3.28,6.76,6.89,75.49
"35","04000US35","New Mexico","New Mexico","nm","040","00","ACSSF","0000001",,,,,"35",,,,,,,,,,,,,,,,,,,,,,,,,,,,,,,,,,,,,,,,,,2082669,2082669,1530636,41957,193295,29168,1340,218476,67797,73.49,2.01,9.28,1.4,0.06,10.49,3.26,114055,7743,106312,6.79,93.21,1637594,966377,8992,957385,876210,81175,671217,59.01,0.55,58.46,53.51,4.96,40.99,957385,876210,81175,91.52,8.48,45674,24459,0.4754,912445,762551,566406,130546,998,52458,2429,7780,1934,74.28,17.12,0.13,6.88,0.32,1.02,0.25,792,787.14208975632,495639,147690,347949,29.8,70.2,1233289,241891,991398,19.61,80.39,313086,37233,275853,11.89,88.11,2042014,188614,111519,126681,236029,210128,1169043,9.24,5.46,6.2,11.56,10.29,57.25
"36","04000US36","New York","New York","ny","040","00","ACSSF","0000001",,,,,"36",,,,,,,,,,,,,,,,,,,,,,,,,,,,,,,,,,,,,,,,,,19697457,19697457,12667413,3073278,75751,1599216,7528,1697831,576440,64.31,15.6,0.38,8.12,0.04,8.62,2.93,1033029,40033,992996,3.88,96.12,15964950,10123078,22976,10100102,9340878,759224,5841872,63.41,0.14,63.26,58.51,4.76,36.59,10100102,9340878,759224,92.48,7.52,60741,34212,0.5102,8191568,7266187,4423581,801149,1732065,162817,3348,77241,65986,60.88,11.03,23.84,2.24,0.05,1.06,0.91,1159,1239.18783927032,4154193,910806,3243387,21.92,78.08,12234280,1736542,10497738,14.19,85.81,2797589,320216,2477373,11.45,88.55,19186062,1320485,749417,897662,1649664,1528864,13039970,6.88,3.91,4.68,8.6,7.97,67.97
"37","04000US37","North Carolina","North Carolina","nc","040","00","ACSSF","0000001",,,,,"37",,,,,,,,,,,,,,,,,,,,,,,,,,,,,,,,,,,,,,,,,,9940828,9940828,6882915,2137131,117479,254550,6588,298795,243370,69.24,21.5,1.18,2.56,0.07,3.01,2.45,527783,24161,503622,4.58,95.42,7907915,4948265,82857,4865408,4460824,404584,2959650,62.57,1.05,61.53,56.41,5.12,37.43,4865408,4460824,404584,91.68,8.32,48256,26779,0.4748,4453767,3815392,1216372,2359637,137891,79002,1402,6063,15025,31.88,61.85,3.61,2.07,0.04,0.16,0.39,816,811.789361814554,2254721,539417,1715304,23.92,76.08,6012888,955430,5057458,15.89,84.11,1417902,136857,1281045,9.65,90.35,9685511,709029,425989,496686,1043922,973794,6036091,7.32,4.4,5.13,10.78,10.05,62.32
"38","04000US38","North Dakota","North Dakota","nd","040","00","ACSSF","0000001",,,,,"38",,,,,,,,,,,,,,,,,,,,,,,,,,,,,,,,,,,,,,,,,,736162,736162,649730,14761,38369,9296,336,5691,17979,88.26,2.01,5.21,1.26,0.05,0.77,2.44,39754,1963,37791,4.94,95.06,585370,412931,6097,406834,395584,11250,172439,70.54,1.04,69.5,67.58,1.92,29.46,406834,395584,11250,97.23,2.77,59114,33107,0.4586,350134,305163,164673,121175,9487,2616,31,4122,3059,53.96,39.71,3.11,0.86,0.01,1.35,1,736,769.294587160911,164495,21390,143105,13,87,447115,48969,398146,10.95,89.05,98745,8955,89790,9.07,90.93,710355,38303,17977,23034,50761,54696,525584,5.39,2.53,3.24,7.15,7.7,73.99
"39","04000US39","Ohio","Ohio","oh","040","00","ACSSF","0000001",,,,,"39",,,,,,,,,,,,,,,,,,,,,,,,,,,,,,,,,,,,,,,,,,11586941,11586941,9519506,1421943,21459,224520,3248,98088,298177,82.16,12.27,0.19,1.94,0.03,0.85,2.57,622020,24246,597774,3.9,96.1,9255859,5857720,8117,5849603,5425647,423956,3398139,63.29,0.09,63.2,58.62,4.58,36.71,5849603,5425647,423956,92.75,7.25,50674,27800,0.4641,5146944,4601449,3287697,1057555,107437,93154,1004,36054,18548,71.45,22.98,2.33,2.02,0.02,0.78,0.4,743,751.583816741637,2593893,571996,2021897,22.05,77.95,6946696,1021733,5924963,14.71,85.29,1726911,139110,1587801,8.06,91.94,11267500,804354,450074,478411,1000196,1017310,7517155,7.14,3.99,4.25,8.88,9.03,66.72
"40","04000US40","Oklahoma","Oklahoma","ok","040","00","ACSSF","0000001",,,,,"40",,,,,,,,,,,,,,,,,,,,,,,,,,,,,,,,,,,,,,,,,,3875589,3875589,2823497,281295,286231,77541,4969,102292,299764,72.85,7.26,7.39,2,0.13,2.64,7.73,206433,12169,194264,5.89,94.11,3025259,1861235,18115,1843120,1733000,110120,1164024,61.52,0.6,60.92,57.28,3.64,38.48,1843120,1733000,110120,94.03,5.97,48038,25628,0.4652,1699462,1461500,871994,545916,2054,27988,189,10397,2962,59.66,37.35,0.14,1.92,0.01,0.71,0.2,742,729.339628474944,934217,215690,718527,23.09,76.91,2282910,357042,1925868,15.64,84.36,542923,48423,494500,8.92,91.08,3760050,270732,155382,195041,412108,391369,2335418,7.2,4.13,5.19,10.96,10.41,62.11
"41","04000US41","Oregon","Oregon","or","040","00","ACSSF","0000001",,,,,"41",,,,,,,,,,,,,,,,,,,,,,,,,,,,,,,,,,,,,,,,,,3982267,3982267,3387825,74012,45233,160155,14936,124565,175541,85.07,1.86,1.14,4.02,0.38,3.13,4.41,197288,9371,187917,4.75,95.25,3219754,1995937,2520,1993417,1832620,160797,1223817,61.99,0.08,61.91,56.92,4.99,38.01,1993417,1832620,160797,91.93,8.07,53270,28822,0.4612,1706290,1545745,615619,768892,35962,107066,997,11245,5964,39.83,49.74,2.33,6.93,0.06,0.73,0.39,941,983.672495386481,844603,172582,672021,20.43,79.57,2436210,391237,2044973,16.06,83.94,624573,50404,574169,8.07,91.93,3905386,272939,159149,182135,379358,381609,2530196,6.99,4.08,4.66,9.71,9.77,64.79
"42","04000US42","Pennsylvania","Pennsylvania","pa","040","00","ACSSF","0000001",,,,,"42",,,,,,,,,,,,,,,,,,,,,,,,,,,,,,,,,,,,,,,,,,12783977,12783977,10402743,1410563,24947,401979,4463,253514,285768,81.37,11.03,0.2,3.14,0.03,1.98,2.24,685752,27324,658428,3.98,96.02,10402780,6516915,4782,6512133,6043693,468440,3885865,62.65,0.05,62.6,58.1,4.5,37.35,6512133,6043693,468440,92.81,7.19,54895,30137,0.468,5592175,4961929,2740511,1093789,865037,208473,1606,35354,17159,55.23,22.04,17.43,4.2,0.03,0.71,0.35,859,878.923632831952,2658853,507013,2151840,19.07,80.93,7657470,974098,6683372,12.72,87.28,2053348,166651,1886697,8.12,91.88,12369671,738125,429071,480566,1021980,1066777,8633152,5.97,3.47,3.89,8.26,8.62,69.79
"44","04000US44","Rhode Island","Rhode Island","ri","040","00","ACSSF","0000001",,,,,"44",,,,,,,,,,,,,,,,,,,,,,,,,,,,,,,,,,,,,,,,,,1054491,1054491,854026,68886,5130,34598,575,61218,30058,80.99,6.53,0.49,3.28,0.05,5.81,2.85,62132,2401,59731,3.86,96.14,868361,567285,3203,564082,520482,43600,301076,65.33,0.37,64.96,59.94,5.02,34.67,564082,520482,43600,92.27,7.73,58387,31904,0.4738,462657,410240,226088,40746,132040,7903,127,2313,1023,55.11,9.93,32.19,1.93,0.03,0.56,0.25,938,930.561598143717,209667,40699,168968,19.41,80.59,645354,84541,560813,13.1,86.9,158895,14921,143974,9.39,90.61,1013916,60771,35417,43973,80777,80193,712785,5.99,3.49,4.34,7.97,7.91,70.3
"45","04000US45","South Carolina","South Carolina","sc","040","00","ACSSF","0000001",,,,,"45",,,,,,,,,,,,,,,,,,,,,,,,,,,,,,,,,,,,,,,,,,4834605,4834605,3252252,1322368,15417,68553,2784,73149,100082,67.27,27.35,0.32,1.42,0.06,1.51,2.07,255683,11375,244308,4.45,95.55,3871553,2354372,30595,2323777,2129323,194454,1517181,60.81,0.79,60.02,55,5.02,39.19,2323777,2129323,194454,91.63,8.37,46898,25521,0.469,2192041,1839041,491910,1298767,18868,19313,354,2041,7788,26.75,70.62,1.03,1.05,0.02,0.11,0.42,811,792.720975912333,1068614,270105,798509,25.28,74.72,2880426,465422,2415004,16.16,83.84,744226,70895,673331,9.53,90.47,4693266,366391,205098,234933,496112,493750,2896982,7.81,4.37,5.01,10.57,10.52,61.73
"46","04000US46","South Dakota","South Dakota","sd","040","00","ACSSF","0000001",,,,,"46",,,,,,,,,,,,,,,,,,,,,,,,,,,,,,,,,,,,,,,,,,851058,851058,721410,14078,74187,11351,313,7480,22239,84.77,1.65,8.72,1.33,0.04,0.88,2.61,46326,2013,44313,4.35,95.65,663635,455936,2607,453329,434693,18636,207699,68.7,0.39,68.31,65.5,2.81,31.3,453329,434693,18636,95.89,4.11,52078,27516,0.4438,375866,333536,211046,100584,7586,6473,176,5572,2099,63.28,30.16,2.27,1.94,0.05,1.67,0.63,676,664.184149509735,205294,37815,167479,18.42,81.58,494475,65321,429154,13.21,86.79,122565,12164,110401,9.92,90.08,822334,52375,27224,35701,72334,76589,558111,6.37,3.31,4.34,8.8,9.31,67.87
"47","04000US47","Tennessee","Tennessee","tn","040","00","ACSSF","0000001",,,,,"47",,,,,,,,,,,,,,,,,,,,,,,,,,,,,,,,,,,,,,,,,,6548009,6548009,5096733,1100577,18757,105368,3299,90065,133210,77.84,16.81,0.29,1.61,0.05,1.38,2.03,335706,11421,324285,3.4,96.6,5222438,3193436,17933,3175503,2937131,238372,2029002,61.15,0.34,60.8,56.24,4.56,38.85,3175503,2937131,238372,92.49,7.51,46574,26019,0.4786,2873478,2522204,925158,1523758,10213,52003,405,2897,7770,36.68,60.41,0.4,2.06,0.02,0.11,0.31,782,770.648322285173,1469745,369296,1100449,25.13,74.87,3960899,638533,3322366,16.12,83.88,956107,92340,863767,9.66,90.34,6386751,479001,290482,330686,679113,661371,3946098,7.5,4.55,5.18,10.63,10.36,61.79
"48","04000US48","Texas","Texas","tx","040","00","ACSSF","0000001",,,,,"48",,,,,,,,,,,,,,,,,,,,,,,,,,,,,,,,,,,,,,,,,,26956435,26956435,20174403,3221133,128145,1175423,22248,1561683,673400,74.84,11.95,0.48,4.36,0.08,5.79,2.5,1536407,72866,1463541,4.74,95.26,20599223,13312277,92754,13219523,12371392,848131,7286946,64.63,0.45,64.17,60.06,4.12,35.37,13219523,12371392,848131,93.58,6.42,54727,27828,0.4803,10441643,9289554,3685876,5498738,10099,37933,2014,14044,40850,39.68,59.19,0.11,0.41,0.02,0.15,0.44,911,940.511013817807,7048643,1685859,5362784,23.92,76.08,16277325,2385187,13892138,14.65,85.35,3008037,326261,2681776,10.85,89.15,26334005,1837437,1154811,1405059,2793930,2611283,16531485,6.98,4.39,5.34,10.61,9.92,62.78
"49","04000US49","Utah","Utah","ut","040","00","ACSSF","0000001",,,,,"49",,,,,,,,,,,,,,,,,,,,,,,,,,,,,,,,,,,,,,,,,,2948427,2948427,2572595,32512,31686,66039,26411,141374,77810,87.25,1.1,1.07,2.24,0.9,4.79,2.64,181144,7905,173239,4.36,95.64,2136930,1451339,4079,1447260,1374146,73114,685591,67.92,0.19,67.73,64.3,3.42,32.08,1447260,1374146,73114,94.95,5.05,62518,25600,0.4261,1024047,918367,791205,108704,1108,12389,433,2960,1568,86.15,11.84,0.12,1.35,0.05,0.32,0.17,912,941.795064377682,893095,119595,773500,13.39,86.61,1716903,199234,1517669,11.6,88.4,291467,19979,271488,6.85,93.15,2901465,146565,84031,108212,259098,299910,2003649,5.05,2.9,3.73,8.93,10.34,69.06
"50","04000US50","Vermont","Vermont","vt","040","00","ACSSF","0000001",,,,,"50",,,,,,,,,,,,,,,,,,,,,,,,,,,,,,,,,,,,,,,,,,626249,626249,592965,7404,1984,9212,206,2309,12169,94.69,1.18,0.32,1.47,0.03,0.37,1.94,37067,837,36230,2.26,97.74,520197,344730,406,344324,327237,17087,175467,66.27,0.08,66.19,62.91,3.28,33.73,344324,327237,17087,95.04,4.96,56104,30663,0.4435,326812,257107,83634,12572,111441,44538,300,3967,655,32.53,4.89,43.34,17.32,0.12,1.54,0.25,913,912.377389419137,119047,17991,101056,15.11,84.89,379665,44028,335637,11.6,88.4,102826,7654,95172,7.44,92.56,601538,30792,15806,23075,49884,53664,428317,5.12,2.63,3.84,8.29,8.92,71.2
"51","04000US51","Virginia","Virginia","va","040","00","ACSSF","0000001",,,,,"51",,,,,,,,,,,,,,,,,,,,,,,,,,,,,,,,,,,,,,,,,,8310301,8310301,5712958,1596352,21948,502878,5494,190972,279699,68.75,19.21,0.26,6.05,0.07,2.3,3.37,441900,12374,429526,2.8,97.2,6653111,4403124,111328,4291796,4036456,255340,2249987,66.18,1.67,64.51,60.67,3.84,33.82,4291796,4036456,255340,94.05,5.95,66149,34967,0.4673,3445357,3090178,1169831,1653972,162003,83625,753,9111,10883,37.86,53.52,5.24,2.71,0.02,0.29,0.35,1135,1177.21542210878,1838212,278352,1559860,15.14,84.86,5103987,558524,4545463,10.94,89.06,1118693,84788,1033905,7.58,92.42,8060892,432952,221497,267215,595491,625062,5918675,5.37,2.75,3.31,7.39,7.75,73.42
"53","04000US53","Washington","Washington","wa","040","00","ACSSF","0000001",,,,,"53",,,,,,,,,,,,,,,,,,,,,,,,,,,,,,,,,,,,,,,,,,7073146,7073146,5470566,256990,94026,552032,44870,276959,377703,77.34,3.63,1.33,7.8,0.63,3.92,5.34,353153,14961,338192,4.24,95.76,5647697,3623304,47291,3576013,3331321,244692,2024393,64.16,0.84,63.32,58.99,4.33,35.84,3576013,3331321,244692,93.16,6.84,62848,32999,0.456,2966814,2696606,1017585,1477651,57647,114817,874,16241,11791,37.74,54.8,2.14,4.26,0.03,0.6,0.44,1056,1105.39435959436,1577138,260798,1316340,16.54,83.46,4389804,545439,3844365,12.43,87.57,972680,77019,895661,7.92,92.08,6939622,405154,216082,262020,567180,579751,4909435,5.84,3.11,3.78,8.17,8.35,70.74
"54","04000US54","West Virginia","West Virginia","wv","040","00","ACSSF","0000001",,,,,"54",,,,,,,,,,,,,,,,,,,,,,,,,,,,,,,,,,,,,,,,,,1846092,1846092,1725411,63305,3281,13990,648,5731,33726,93.46,3.43,0.18,0.76,0.04,0.31,1.83,88684,3639,85045,4.1,95.9,1509212,812480,853,811627,750412,61215,696732,53.83,0.06,53.78,49.72,4.06,46.17,811627,750412,61215,92.46,7.54,42644,24002,0.4621,884728,739397,336718,324346,21065,50612,163,4845,1648,45.54,43.87,2.85,6.85,0.02,0.66,0.22,658,588.773057697695,370167,91464,278703,24.71,75.29,1103163,197693,905470,17.92,82.08,319478,28903,290575,9.05,90.95,1792808,141412,87302,89346,196686,191276,1086786,7.89,4.87,4.98,10.97,10.67,60.62
"55","04000US55","Wisconsin","Wisconsin","wi","040","00","ACSSF","0000001",,,,,"55",,,,,,,,,,,,,,,,,,,,,,,,,,,,,,,,,,,,,,,,,,5754798,5754798,4961193,361730,51459,148077,1378,105038,125923,86.21,6.29,0.89,2.57,0.02,1.83,2.19,309799,10390,299409,3.35,96.65,4603725,3082186,2421,3079765,2910339,169426,1521539,66.95,0.05,66.9,63.22,3.68,33.05,3079765,2910339,169426,94.5,5.5,54610,29253,0.4435,2649597,2310246,1760467,357094,58516,99296,738,22373,11762,76.2,15.46,2.53,4.3,0.03,0.97,0.51,789,805.201589797184,1277614,223027,1054587,17.46,82.54,3478975,425008,3053967,12.22,87.78,846685,65437,781248,7.73,92.27,5603274,304708,177299,231465,459804,496158,3933840,5.44,3.16,4.13,8.21,8.85,70.21
"56","04000US56","Wyoming","Wyoming","wy","040","00","ACSSF","0000001",,,,,"56",,,,,,,,,,,,,,,,,,,,,,,,,,,,,,,,,,,,,,,,,,583029,583029,531851,6435,13033,5385,391,10403,15531,91.22,1.1,2.24,0.92,0.07,1.78,2.66,29921,1250,28671,4.18,95.82,459198,311104,2388,308716,293598,15118,148094,67.75,0.52,67.23,63.94,3.29,32.25,308716,293598,15118,95.1,4.9,59143,30139,0.4279,267987,226985,159135,50804,691,13574,118,2043,620,70.11,22.38,0.3,5.98,0.05,0.9,0.27,802,799.695412947055,136420,18908,117512,13.86,86.14,354130,41247,312883,11.65,88.35,78393,5607,72786,7.15,92.85,568943,27939,16554,21269,45348,50602,407231,4.91,2.91,3.74,7.97,8.89,71.58
"72","04000US72","Puerto Rico","Puerto Rico","pr","040","00","ACSSF","0000001",,,,,"72",,,,,,,,,,,,,,,,,,,,,,,,,,,,,,,,,,,,,,,,,,3529385,3529385,2448085,320087,11814,9574,182,474879,264764,69.36,9.07,0.33,0.27,0.01,13.46,7.5,203449,9234,194215,4.54,95.46,2863657,1283190,1204,1281986,1055106,226880,1580467,44.81,0.04,44.77,36.84,7.92,55.19,1281986,1055106,226880,82.3,17.7,19606,11688,0.5457,1571744,1237180,13756,163343,159,306,5502,455,1053659,1.11,13.2,0.01,0.02,0.44,0.04,85.17,460,315.350693148322,762102,436525,325577,57.28,42.72,2127105,898086,1229019,42.22,57.78,607521,242464,365057,39.91,60.09,3496728,879177,360423,337475,576415,413248,929990,25.14,10.31,9.65,16.48,11.82,26.6
